[{"id":"user-image-gym.png","fileName":"gym.png","name":"gym","publicUrl":"https://assets.nicepagecdn.com/c5d4dc74/6129510/images/gym.png","size":775618,"hash":"A790rGlPx6ypcJS/hXPJ7z/jOQ0=","width":1846,"height":919,"folderId":null,"thumbnail":{"url":"https://assets.nicepagecdn.com/c5d4dc74/6129510/images/thumbnails/gym.png","width":150,"height":75},"usages":["6129521"]},{"id":"user-image-8944279.png","fileName":"8944279.png","name":"8944279","publicUrl":"https://assets.nicepagecdn.com/c5d4dc74/6129510/images/8944279.png","size":1281,"hash":"2B9XNoByWDLFyeBiTJXIXdjk/Do=","width":128,"height":128,"folderId":null,"thumbnail":{"url":"https://assets.nicepagecdn.com/c5d4dc74/6129510/images/8944279.png","width":128,"height":128},"usages":["6129521"]},{"id":"user-image-7a47f009d0610ab57432ffec4b01db92fc49e76abeb4b42f931d100be8decea5528fd4e76f7f36e5ed21144ca0ce00970896244e9cbec491702311_1280.jpg","fileName":"7a47f009d0610ab57432ffec4b01db92fc49e76abeb4b42f931d100be8decea5528fd4e76f7f36e5ed21144ca0ce00970896244e9cbec491702311_1280.jpg","name":"7a47f009d0610ab57432ffec4b01db92fc49e76abeb4b42f931d100be8decea5528fd4e76f7f36e5ed21144ca0ce00970896244e9cbec491702311_1280","publicUrl":"https://assets.nicepagecdn.com/c5d4dc74/6129510/images/7a47f009d0610ab57432ffec4b01db92fc49e76abeb4b42f931d100be8decea5528fd4e76f7f36e5ed21144ca0ce00970896244e9cbec491702311_1280.jpg","size":162830,"hash":"IRAOSewoXgV1QraeRZ3ImyWNIpY=","width":1280,"height":853,"folderId":null,"thumbnail":{"url":"https://assets.nicepagecdn.com/c5d4dc74/6129510/images/thumbnails/7a47f009d0610ab57432ffec4b01db92fc49e76abeb4b42f931d100be8decea5528fd4e76f7f36e5ed21144ca0ce00970896244e9cbec491702311_1280.jpg","width":150,"height":100},"usages":[]},{"id":"user-image-pizza.png","fileName":"pizza.png","name":"pizza","publicUrl":"https://assets.nicepagecdn.com/c5d4dc74/6129510/images/pizza.png","size":731675,"hash":"C6POV4H3+Fb8vWcxTXxA6EvleJ4=","width":1840,"height":911,"folderId":null,"thumbnail":{"url":"https://assets.nicepagecdn.com/c5d4dc74/6129510/images/thumbnails/pizza.png","width":150,"height":74},"usages":["6129521"]},{"id":"user-image-Fotoportafolio.png","fileName":"Fotoportafolio.png","name":"Fotoportafolio","publicUrl":"https://assets.nicepagecdn.com/c5d4dc74/6129510/images/Fotoportafolio.png","size":491447,"hash":"DiefjSebNLNlQqjqG2LFofGiinE=","width":1134,"height":862,"folderId":null,"thumbnail":{"url":"https://assets.nicepagecdn.com/c5d4dc74/6129510/images/thumbnails/Fotoportafolio.png","width":150,"height":114},"usages":["6129521"]},{"id":"user-image-2985150.png","fileName":"2985150.png","name":"2985150","publicUrl":"https://assets.nicepagecdn.com/c5d4dc74/6129510/images/2985150.png","size":594,"hash":"dfnLhupAWIo6fYD2dzLBFmLEHWM=","width":128,"height":128,"folderId":null,"usages":[],"thumbnail":{"url":"https://assets.nicepagecdn.com/c5d4dc74/6129510/images/2985150.png","width":128,"height":128}},{"id":"user-image-2541979.png","fileName":"2541979.png","name":"2541979","publicUrl":"https://assets.nicepagecdn.com/c5d4dc74/6129510/images/2541979.png","size":3523,"hash":"aLcS7MO8/Adw21ywUKCsv3TZlm0=","width":128,"height":128,"folderId":null,"usages":["6116307","6116367","6129521"],"thumbnail":{"url":"https://assets.nicepagecdn.com/c5d4dc74/6129510/images/2541979.png","width":128,"height":128}},{"id":"user-image-109609.png","publicUrl":"https://assets.nicepagecdn.com/c5d4dc74/6129510/images/109609.png","size":1142,"hash":"mcoBNxxZVQobIvu4oRlNmIQjSXY=","fileName":"109609.png","name":"109609","width":128,"height":128,"folderId":null,"usages":["51639472","6116307","6116367","6129521"],"thumbnail":{"url":"https://assets.nicepagecdn.com/c5d4dc74/6129510/images/109609.png","width":128,"height":128}},{"id":"user-image-APi.png","publicUrl":"https://assets.nicepagecdn.com/c5d4dc74/6129510/images/APi.png","size":35587,"hash":"Oa+Njd36k85hGXWdSc5oTa2y/bM=","fileName":"APi.png","name":"APi","width":512,"height":512,"folderId":null,"usages":["51639472","6116307","6116367","6129521"],"thumbnail":{"url":"https://assets.nicepagecdn.com/c5d4dc74/6129510/images/APi.png","width":512,"height":512}},{"id":"user-image-MERN.png","publicUrl":"https://assets.nicepagecdn.com/c5d4dc74/6129510/images/MERN.png","size":40160,"hash":"+5UbC4OkGr8JuFEzOFOlyZZZJII=","fileName":"MERN.png","name":"MERN","width":300,"height":279,"folderId":null,"usages":["51639472","6116307","6116367","6129521"],"thumbnail":{"url":"https://assets.nicepagecdn.com/c5d4dc74/6129510/images/MERN.png","width":300,"height":279}},{"id":"user-image-Angularicon.png","publicUrl":"https://assets.nicepagecdn.com/c5d4dc74/6129510/images/Angularicon.png","size":22560,"hash":"Knw8WGfQlu6yhiOq2dtMifESk9M=","fileName":"Angularicon.png","name":"Angularicon","width":512,"height":512,"folderId":null,"usages":["51639472","6116307","6116367","6129521"],"thumbnail":{"url":"https://assets.nicepagecdn.com/c5d4dc74/6129510/images/Angularicon.png","width":512,"height":512}},{"id":"user-image-1199124.png","publicUrl":"https://assets.nicepagecdn.com/c5d4dc74/6129510/images/1199124.png","size":4145,"hash":"NBczkr0VD7/MgJhJrlYnVbuLz3c=","fileName":"1199124.png","name":"1199124","width":128,"height":128,"folderId":null,"usages":["51639472","6116307","6116367","6129521"],"thumbnail":{"url":"https://assets.nicepagecdn.com/c5d4dc74/6129510/images/1199124.png","width":128,"height":128}},{"id":"user-image-5166431.png","publicUrl":"https://assets.nicepagecdn.com/c5d4dc74/6129510/images/5166431.png","size":2970,"hash":"XLmRSNhafXpwVMIkuuhifZlKvEg=","fileName":"5166431.png","name":"5166431","width":128,"height":128,"folderId":null,"usages":["51639472"],"thumbnail":{"url":"https://assets.nicepagecdn.com/c5d4dc74/6129510/images/5166431.png","width":128,"height":128}},{"id":"user-image-perfil.jpg","publicUrl":"https://assets.nicepagecdn.com/c5d4dc74/6129510/images/perfil.jpg","size":69343,"hash":"acwS619lIspa55BpIWPw2ZR9uJY=","fileName":"perfil.jpg","name":"perfil","width":957,"height":960,"folderId":null,"usages":["51639472","6116307","6116367","6129521"],"thumbnail":{"url":"https://assets.nicepagecdn.com/c5d4dc74/6129510/images/perfil.jpg","width":957,"height":960}},{"id":"user-image-r444.jpg","publicUrl":"https://assets.nicepagecdn.com/c5d4dc74/6129510/images/r444.jpg","size":423053,"hash":"C3fk+s9erhERzstxDcm7MaVV4+Q=","fileName":"r444.jpg","name":"r444","width":1500,"height":1500,"folderId":null,"originalUrl":"https://assets.nicepagecdn.com/d2cc3eaa/3925765/images/r444.jpg","usages":["51639472","6116307","6116367","6129521"],"thumbnail":{"url":"https://assets.nicepagecdn.com/c5d4dc74/6129510/images/r444.jpg","width":1500,"height":1500}},{"id":"user-image--min.jpg","publicUrl":"https://assets.nicepagecdn.com/c5d4dc74/6129510/images/-min.jpg","size":300574,"hash":"6k403Ctcw8lHBMrvmCwVH+7ATfw=","fileName":"-min.jpg","name":"-min","width":1980,"height":1311,"folderId":null,"originalUrl":"//images03.nicepagecdn.com/c461c07a441a5d220e8feb1a/e2c37abd195b51db89cbc587/-min.jpg","usages":["51639472","6116307","6116367","6129521"],"thumbnail":{"url":"https://assets.nicepagecdn.com/c5d4dc74/6129510/images/-min.jpg","width":1980,"height":1311}},{"id":"user-image-PSD_01.jpg","publicUrl":"https://assets.nicepagecdn.com/c5d4dc74/6129510/images/PSD_01.jpg","size":100240,"hash":"d5DY/ZqyM8SCg3c8PYrGRrUWgAU=","fileName":"PSD_01.jpg","name":"PSD_01","width":1355,"height":1080,"folderId":null,"originalUrl":"//images01.nicepagecdn.com/c461c07a441a5d220e8feb1a/270c391596735803b0eb88f9/PSD_01.jpg","usages":["51639472","6116307"],"thumbnail":{"url":"https://assets.nicepagecdn.com/c5d4dc74/6129510/images/PSD_01.jpg","width":1355,"height":1080}},{"id":"user-image-fff.jpg","publicUrl":"https://assets.nicepagecdn.com/c5d4dc74/6129510/images/fff.jpg","size":140048,"hash":"vhDGHkY3C3a1McUN5bxiPMTyCJg=","fileName":"fff.jpg","name":"fff","width":898,"height":898,"folderId":null,"originalUrl":"//images01.nicepagecdn.com/c461c07a441a5d220e8feb1a/75434504afed529795968963/fff.jpg","usages":["51639472","6116307"],"thumbnail":{"url":"https://assets.nicepagecdn.com/c5d4dc74/6129510/images/fff.jpg","width":898,"height":898}},{"id":"user-image-gfgggggggggg.jpg","publicUrl":"https://assets.nicepagecdn.com/c5d4dc74/6129510/images/gfgggggggggg.jpg","size":149663,"hash":"PxOK2WJty6zkH21xFZjn5hqSCMw=","fileName":"gfgggggggggg.jpg","name":"gfgggggggggg","width":1000,"height":914,"folderId":null,"originalUrl":"//images01.nicepagecdn.com/c461c07a441a5d220e8feb1a/69a33e68ad385dc2a232048f/gfgggggggggg.jpg","usages":["51639472","6116307"],"thumbnail":{"url":"https://assets.nicepagecdn.com/c5d4dc74/6129510/images/gfgggggggggg.jpg","width":1000,"height":914}},{"id":"user-image-fgfg.jpg","publicUrl":"https://assets.nicepagecdn.com/c5d4dc74/6129510/images/fgfg.jpg","size":186432,"hash":"tB3VQchwJOl7nEAgfh5Y311z5Mw=","fileName":"fgfg.jpg","name":"fgfg","width":898,"height":898,"folderId":null,"originalUrl":"//images01.nicepagecdn.com/c461c07a441a5d220e8feb1a/e2e39f17cead5a36875282db/fgfg.jpg","usages":["51639472","6116307"],"thumbnail":{"url":"https://assets.nicepagecdn.com/c5d4dc74/6129510/images/fgfg.jpg","width":898,"height":898}},{"id":"user-image-g4.jpg","publicUrl":"https://assets.nicepagecdn.com/c5d4dc74/6129510/images/g4.jpg","size":137634,"hash":"f/xVO3RoYO/fcAnbS7Sz21//JGw=","fileName":"g4.jpg","name":"g4","width":759,"height":759,"folderId":null,"originalUrl":"//images01.nicepagecdn.com/c461c07a441a5d220e8feb1a/a24ad1604ec15337995a6352/g4.jpg","usages":["51639472","6116307"],"thumbnail":{"url":"https://assets.nicepagecdn.com/c5d4dc74/6129510/images/g4.jpg","width":759,"height":759}},{"id":"user-image-jhjh688.jpg","publicUrl":"https://assets.nicepagecdn.com/c5d4dc74/6129510/images/jhjh688.jpg","size":158725,"hash":"8mKUbUpo81YkuQFBbm2cKx4j1sQ=","fileName":"jhjh688.jpg","name":"jhjh688","width":759,"height":759,"folderId":null,"originalUrl":"//images01.nicepagecdn.com/c461c07a441a5d220e8feb1a/8c593f782d1654b09c0aa7b3/jhjh688.jpg","usages":["51639472","6116307"],"thumbnail":{"url":"https://assets.nicepagecdn.com/c5d4dc74/6129510/images/jhjh688.jpg","width":759,"height":759}},{"id":"user-image-aa49e5bbcb321c65e1d4ba4d4afa599b.png","publicUrl":"https://assets.nicepagecdn.com/c5d4dc74/6129510/images/aa49e5bbcb321c65e1d4ba4d4afa599b.png","size":21223,"hash":"GDO/JkPg674DZc5oitWfRhBPIhw=","fileName":"aa49e5bbcb321c65e1d4ba4d4afa599b.png","name":"aa49e5bbcb321c65e1d4ba4d4afa599b","width":817,"height":799,"folderId":null,"originalUrl":"//images01.nicepagecdn.com/aa/49/aa49e5bbcb321c65e1d4ba4d4afa599b.png","usages":["51639472","6116307","6116367","6129521"],"thumbnail":{"url":"https://assets.nicepagecdn.com/c5d4dc74/6129510/images/aa49e5bbcb321c65e1d4ba4d4afa599b.png","width":817,"height":799}},{"id":"user-image-default-logo.png","fileName":"default-logo.png","name":"default-logo","publicUrl":"https://assets.nicepagecdn.com/c5d4dc74/6129510/images/default-logo.png","size":1804,"hash":"pVWyp9ScwghJ0IJ/x/tR7o2JZVo=","width":80,"height":40,"folderId":null,"usages":[],"thumbnail":{"url":"https://assets.nicepagecdn.com/c5d4dc74/6129510/images/default-logo.png","width":80,"height":40}},{"id":"user-image-default-image.jpg","fileName":"default-image.jpg","name":"default-image","publicUrl":"https://assets.nicepagecdn.com/c5d4dc74/6129510/images/default-image.jpg","size":60031,"hash":"vEnMv3oBYu6k0eRAssJrwN15Tv4=","width":2000,"height":1333,"folderId":null,"usages":[],"thumbnail":{"url":"https://assets.nicepagecdn.com/c5d4dc74/6129510/images/default-image.jpg","width":2000,"height":1333}}]