[{"id":6129511,"title":"Blog Template","order":0,"templateKey":"blog","customTemplate":false,"customTemplateFilename":null,"pageLinks":[""],"dateCreated":"2024-01-04T15:26:33.427","dateUpdated":"2024-01-04T15:26:33.69","folderId":null,"pageName":null,"sectionCount":0,"status":2},{"id":6129512,"title":"Post Template","order":0,"templateKey":"post","customTemplate":false,"customTemplateFilename":null,"pageLinks":[""],"dateCreated":"2024-01-04T15:26:33.77","dateUpdated":"2024-01-04T15:26:33.94","folderId":null,"pageName":null,"sectionCount":0,"status":2},{"id":6129513,"title":"Product List Template","order":0,"templateKey":"products","customTemplate":false,"customTemplateFilename":null,"pageLinks":[""],"dateCreated":"2024-01-04T15:26:34.003","dateUpdated":"2024-01-04T15:26:34.177","folderId":null,"pageName":null,"sectionCount":0,"status":2},{"id":6129514,"title":"Product Details Template","order":0,"templateKey":"product","customTemplate":false,"customTemplateFilename":null,"pageLinks":[""],"dateCreated":"2024-01-04T15:26:34.237","dateUpdated":"2024-01-04T15:26:34.393","folderId":null,"pageName":null,"sectionCount":0,"status":2},{"id":6129515,"title":"Shopping Cart Template","order":0,"templateKey":"cart","customTemplate":false,"customTemplateFilename":null,"pageLinks":[""],"dateCreated":"2024-01-04T15:26:34.473","dateUpdated":"2024-01-04T15:26:34.613","folderId":null,"pageName":null,"sectionCount":0,"status":2},{"id":6129516,"title":"Checkout Template","order":0,"templateKey":"checkout","customTemplate":false,"customTemplateFilename":null,"pageLinks":[""],"dateCreated":"2024-01-04T15:26:34.69","dateUpdated":"2024-01-04T15:26:34.83","folderId":null,"pageName":null,"sectionCount":0,"status":2},{"id":6129517,"title":"Login Template","order":0,"templateKey":"login","customTemplate":false,"customTemplateFilename":null,"pageLinks":[""],"dateCreated":"2024-01-04T15:26:34.91","dateUpdated":"2024-01-04T15:26:35.05","folderId":null,"pageName":null,"sectionCount":0,"status":2},{"id":6129518,"title":"Page Password Template","order":0,"templateKey":"password","customTemplate":false,"customTemplateFilename":null,"pageLinks":[""],"dateCreated":"2024-01-04T15:26:35.19","dateUpdated":"2024-01-04T15:26:35.347","folderId":null,"pageName":null,"sectionCount":0,"status":2},{"id":6129519,"title":"404 Not Found Template","order":0,"templateKey":"404","customTemplate":false,"customTemplateFilename":null,"pageLinks":[""],"dateCreated":"2024-01-04T15:26:35.58","dateUpdated":"2024-01-04T15:26:35.737","folderId":null,"pageName":null,"sectionCount":0,"status":2},{"id":6129520,"title":"Thank You Page Template","order":0,"templateKey":"ThankYou","customTemplate":false,"customTemplateFilename":null,"pageLinks":[""],"dateCreated":"2024-01-04T15:26:35.957","dateUpdated":"2024-01-04T15:26:36.16","folderId":null,"pageName":null,"sectionCount":0,"status":2},{"id":6129521,"title":"Mi portafolio","order":0,"templateKey":null,"customTemplate":false,"customTemplateFilename":null,"pageLinks":[],"dateCreated":"2024-01-04T15:26:36.41","dateUpdated":"2024-01-06T21:31:54.614Z","folderId":null,"pageName":"Mi portafolio_6129521","sectionCount":5,"status":2}]